utc_posix_sec,eci_pos_x_km,eci_pos_y_km,eci_pos_z_km,eci_vel_x_kmps,eci_vel_y_kmps,eci_vel_z_kmps,latitude_rad,longitude_rad
1746057615.4023752,6763.188979017808,59.38030248684942,102.64522017732983,-0.13470739439044302,3.8395452714130145,6.650286750589865,0.01774902645499143,2.4711415962462207
1746057630.8047504,6760.079580025229,118.50631780437429,205.054428255453,-0.2690379504888665,3.8377780905869048,6.647219331045782,0.03298903084768224,2.478767699218861
1746057646.2071257,6754.901759912343,177.5960695325221,307.40067989002654,-0.4032851788997752,3.834836566226873,6.642112068409157,0.04822629290080467,2.4864025009182247
1746057661.609501,6747.657121341794,236.63147672710966,409.652568357332,-0.5374076333809922,3.8307216335145475,6.634966587280156,0.06345954172259374,2.4940500376029053
1746057677.011876,6738.347905135097,295.59447565421846,511.77871680923175,-0.6713638962351284,3.825434592543499,6.625785143487735,0.07868750039689473,2.501714362072173
1746057692.4142513,6726.976989768698,354.46702543578925,613.7477880532105,-0.8051125877082027,3.8189771115935383,6.614570631963637,0.09390888402862153,2.509399561622227
1746057707.8166265,6713.547890675,413.23111374275,715.5284944635159,-0.9386123819535209,3.8113512297983916,6.6013265953444655,0.10912239777932368,2.5171097467302084
1746057723.2190018,6698.064759250867,471.8687625167539,817.089608009516,-1.0718220287526359,3.8025593580447095,6.586057230090157,0.12432673488568723,2.524849069155675
1746057738.621377,6680.532381502835,530.3620336883228,918.3999703426431,-1.2047003784342971,3.7926042775853777,6.568767387675525,0.13952057464816892,2.532621725463748
1746057754.0237522,6660.956176305971,588.6930348572713,1019.4285028565903,-1.33720640652706,3.781489136636027,6.549462569915333,0.154702580373117,2.5404319635845307
1746057769.4261274,6639.342193306665,646.8439249107981,1120.1442166344186,-1.4692992348685436,3.7692174458755168,6.528148919224673,0.16987139725067862,2.5482840894872867
1746057784.8285027,6615.697110542143,704.7969195716478,1220.5162222202996,-1.6009381470645578,3.755793074070188,6.504833206042816,0.18502565015269296,2.5561824739841197
1746057800.2308779,6590.028231868963,762.5342968869801,1320.5137391943329,-1.7320825979230134,3.741220244894701,6.47952281633311,0.2001639413388587,2.5641315596779473
1746057815.633253,6562.3434842849165,820.0384026814556,1420.1061055731618,-1.8626922182080292,3.725503535499471,6.452225741846208,0.2152848480643826,2.57213586513863
1746057831.0356283,6532.651415197981,877.2916560011927,1519.2627870935612,-1.9927268172345682,3.7086478766751467,6.42295057482889,0.23038692008652314,2.58020000392729
1746057846.4380035,6500.9611896536,934.2765545679256,1617.9533864514117,-2.122146386135339,3.6906585538467622,6.391706507444329,0.2454686770697059,2.5883286744767817
1746057861.8403788,6467.282587491261,990.9756802479623,1716.1476525617404,-2.250911104064242,3.671541207816651,6.358503334811691,0.2605286058886171,2.5965266795205504
1746057877.242754,6431.626000375046,1047.3717045241185,1813.815489881036,-2.3789813484304734,3.6513018342738266,6.32335145968453,0.2755651578260823,2.6047989310747575
1746057892.6451292,6394.002428636196,1103.4473939468771,1910.9269678001017,-2.506317708930584,3.6299467815533966,6.286261896589111,0.2905767456584959,2.6131504585882004
1746057908.0475044,6354.423477877989,1159.185615538021,2007.4523300849833,-2.6328810041154704,3.6074827467837807,6.247246273709972,0.3055617406172198,2.6215864173377215
1746057923.4498796,6312.901355316788,1214.5693421269202,2103.362004323668,-2.7586322987994034,3.5839167711545263,6.206316831700339,0.3205184692109201,2.6301120970794356
1746057938.8522549,6269.448865858243,1269.5816576138257,2198.6266113311344,-2.8835329208448313,3.5592562353495265,6.16348641955668,0.3354452098918992,2.638732930968801
1746057954.25463,6224.079407925247,1324.205762170446,2293.2169744733724,-3.0075444765561774,3.533508856099695,6.118768488399098,0.3503401895492665,2.6474545018286815
1746057969.6570053,6176.806969059559,1378.4249773995969,2387.104128886514,-3.13062886474768,3.5066826843449688,6.072177084247641,0.36520157981282103,2.656282563381387
1746057985.0593805,6127.646121312853,1432.2227514782307,2480.259330582904,-3.2527482901613176,3.4787861048259594,6.023726840675354,0.3800274931529896,2.665223032450104
1746058000.4617558,6076.612016430648,1485.582664300297,2572.654065445883,-3.3738652770671727,3.4498278362948587,5.973432971721072,0.39481597876328045,2.6742820108154124
1746058015.864131,6023.720380821738,1538.4884326202032,2664.2600581167585,-3.4939426835532266,3.419816931178657,5.921311264917682,0.4095650182118906,2.6834657927251833
1746058031.2665062,5968.987510302577,1590.9239151795196,2755.0492807723986,-3.6129437163791276,3.3887627735824224,5.867378073975202,0.4242725208482226,2.692780875661112
1746058046.6688814,5912.430264613125,1642.8731177855213,2844.993961784494,-3.7308319456268824,3.356675074977431,5.811650310679306,0.43893631894844076,2.702233971421564
1746058062.0712566,5854.066061715735,1694.320198305335,2934.0665942469936,-3.847571318033263,3.3235638676261168,5.754145435894351,0.45355416258239223,2.7118320175103667
1746058077.4736319,5793.912871905505,1745.249471545905,3022.2399443600757,-3.9631261680067222,3.2894394965085016,5.694881450029131,0.46812371418285287,2.721582188815252
1746058092.876007,5731.989211772019,1795.6454140058593,3109.4870596677324,-4.077461225902321,3.2543126109868545,5.6338768837058915,0.48264254279752256,2.731491906621495
1746058108.2783823,5668.314138052761,1845.492668505475,3195.7812771586955,-4.190541623948611,3.2181941575120794,5.571150789476285,0.49710811800452903,2.7415688625388888
1746058123.6807575,5602.907241406312,1894.7760487187672,3281.0962312519378,-4.302332900976398,3.181095374315897,5.506722735178443,0.5115178034730747,2.7518210133050003
1746058139.0831327,5535.78864011205,1943.480543641413,3365.4058616933107,-4.412801007497636,3.143027788371389,5.44061279899975,0.5258688501517687,2.762256605103545
1746058154.485508,5466.978973679524,1991.5913220268596,3448.684421386108,-4.521912312552962,3.1040032141704046,5.372841565696294,0.540158389067594,2.7728841833438107
1746058169.8878832,5396.499396333094,2039.093736811339,3530.9064841660092,-4.629633613120253,3.064033753307862,5.3034301229607435,0.5543834237180986,2.783712605443121
1746058185.2902584,5324.371570332078,2085.973329530894,3612.046952513908,-4.735932145970828,3.023131793664652,5.23240005681375,0.5685408220383621,2.7947510536008497
1746058200.6926336,5250.617659095204,2132.2158347160425,3692.0810651845195,-4.8407756010020595,2.9813100071925054,5.159773445178879,0.5826273079230107,2.806009047467177
1746058216.0950089,5175.2603201177035,2177.807184238173,3770.9844047200086,-4.944132134574579,2.9385813458375685,5.085572849395277,0.5966394522827069,2.8174964565853893
1746058231.497384,5098.322697692382,2222.733511579628,3848.7329048194433,-5.045970381419564,2.894959035791347,5.009821304109528,0.6105736636147789,2.8292235095283957
1746058246.8997593,5019.828415464469,2266.9811560067683,3925.30285754607,-5.146259464236336,2.850456570793395,4.93254230651293,0.6244261780694125,2.8412008171608
1746058262.3021345,4939.801568857153,2310.5366666387486,4000.6709203711007,-5.244969000958615,2.8050877054471464,4.853759806054943,0.6381930489962003,2.853439365815376
1746058277.7045097,4858.26671739835,2353.3868064189883,4074.814123068641,-5.342069110504009,2.7588664493773254,4.773498195502065,0.651870135960561,2.8659505388271826
1746058293.106885,4775.248876962303,2395.518556006022,4147.709874485495,-5.437530418317778,2.7118070626249646,4.691782303620969,0.6654530932251221,2.878746122144759
1746058308.5092602,4690.773511918912,2436.9191176022746,4219.335969208527,-5.531324062990635,2.663924052119281,4.608637389068019,0.6789373576971943,2.8918383113064348
1746058323.9116354,4604.866527167655,2477.5759187329822,4289.670594141284,-5.623421704683123,2.615232168604002,4.524089134532347,0.6923181363496738,2.905239716484062
1746058339.3140106,4517.554260028039,2517.4766159760293,4358.692334985108,-5.713795535235922,2.565746403201942,4.438163640015812,0.7055903931293932,2.9189633651717988
1746058354.7163858,4428.863471967011,2556.6090986315694,4426.380182604403,-5.802418289015108,2.5154819829498303,4.350887414415177,0.7187488353746074,2.933022699100002
1746058370.118761,4338.821340162774,2594.9614923130493,4492.71353924739,-5.889263253061655,2.4644543650619983,4.262287365203985,0.7317878997729308,2.9474315824208173
1746058385.5211363,4247.455448926619,2632.52216244166,4557.67222459637,-5.974304275186174,2.4126792302180813,4.172390786763331,0.7447017379035553,2.962204276521556
1746058400.9235115,4154.793781021231,2669.2797176343947,4621.236481634913,-6.057515769271125,2.360172475606362,4.081225348498849,0.7574842014237865,2.9773554394266433
1746058416.3258867,4060.8647089180427,2705.2230129888253,4683.386982338985,-6.138872718004138,2.3069502086108686,3.988819084072733,0.770128826980262,2.992900104975495
1746058431.728262,3965.6969860252098,2740.3411532803066,4744.1048332177925,-6.218350674224212,2.2530287418352812,3.89520038278073,0.7826288209496802,3.0088536584849828
1746058447.1306372,3869.3197378942496,2774.6234960945226,4803.371580740973,-6.29592576266142,2.1984245896660135,3.8003979833967403,0.7949770441421908,3.0252318049761935
1746058462.5330124,3771.762453385148,2808.0596549166867,4861.169216686912,-6.371574683853098,2.14315446596254,3.704440969924832,0.8071659966323491,3.042050528882893
1746058477.9353876,3673.0549757463687,2840.6395021881176,4917.480183432261,-6.445274721389593,2.087235281945912,3.60735876794382,0.8191878029174455,3.0593260440665504
1746058493.3377628,3573.227493556327,2872.353172324421,4972.287379178978,-6.5170037525701625,2.0306841431353364,3.509181139872096,0.831034197641053,3.0770747299376584
1746058508.740138,3472.3105314807913,2903.191064672606,5025.574163090207,-6.586740261379383,1.973518344353921,3.409938177659137,0.8426965121611422,3.0953130699381117
1746058524.1425133,3370.3349408248364,2933.1438463730697,5077.324360287939,-6.654463351814282,1.9157553623524004,3.3096602920859697,0.8541656622876641,3.114057546962257
1746058539.5448885,3267.3318898914445,2962.2024550908945,5127.5222666600675,-6.7201527593005,1.8574128463234607,3.2083781988229765,0.8654321375646463,3.1333245529363984
1746058554.9472637,3163.332854191441,2990.3581015906057,5176.152653434265,-6.783788858336934,1.798508607266288,3.1061229023475168,0.8764859925268834,-3.1300550400948555
1746058570.349639,3058.369606571192,3017.6022721470276,5223.200771498678,-6.84535266548486,1.7390606075867292,3.0029256794663595,0.88731684042084,-3.1096947881168213
1746058585.7520142,2952.4742073285565,3043.9267308069734,5268.652355477968,-6.904825838067756,1.67908695233991,2.898818064322224,0.8979138499422488,-3.0887646744763266
1746058601.1543894,2845.6789943728236,3069.323521535567,5312.493627599764,-6.962190670088595,1.6186058831240355,2.7938318363567367,0.9082657456069763,-3.067250057944918
1746058616.5567646,2738.0165734550224,3093.784970291439,5354.711301403313,-7.0174300875652715,1.5576357749350114,2.687999011888392,0.9183608124340004,-3.045137178076444
1746058631.9591398,2629.519808459835,3117.3036870736564,5395.292585344881,-7.070527645543529,1.4961951354999838,2.581351838996914,0.9281869056759824,-3.0224133782039178
1746058647.361515,2520.2218117191337,3139.87256797051,5434.225186342887,-7.1214675284850095,1.4343026059565311,2.4739227945693103,0.9377314663794296,-2.9990673356370254
1746058662.7638903,2410.1559342882583,3161.484797219794,5471.497313283886,-7.170234554744157,1.3719769614153727,2.3657445818843086,0.9469815435878061,-2.975089342410557
1746058678.1662655,2299.3557561236407,3182.1338492677164,5507.097680484775,-7.216814184751862,1.3092371100153986,2.256850127090816,0.9559238240115935,-2.9504715764600564
1746058693.5686407,2187.8550761136266,3201.813490795091,5541.015511083846,-7.261192531627085,1.2461020895081776,2.147272573332259,0.9645446699732837,-2.9252084048382145
1746058708.971016,2075.687901938302,3220.51778266939,5573.240540318937,-7.303356372463091,1.1825910610523245,2.0370452719242853,0.9728301663862506,-2.8992966978797488
1746058724.3733912,1962.888439761623,3238.241081781579,5603.763018647331,-7.343293158553625,1.1187233005652246,1.9262017706983727,0.9807661774378178,-2.8727361525226622
1746058739.7757664,1849.4910837829582,3254.978042736255,5632.573714668361,-7.380991023256626,1.0545181884964472,1.8147758001905696,0.9883384135122909,-2.845529618717297
1746058755.1781416,1735.530405690267,3270.7236193792296,5659.663917822978,-7.416438786854804,0.9899951991390992,1.7028012586645656,0.9955325087035998,-2.8176834214503534
1746058770.5805168,1621.0411440616992,3285.473066163999,5685.025440860309,-7.449625958448658,0.9251738905605282,1.5903121969945089,1.0023341090254412,-2.7892076724485637
1746058785.982892,1506.058193757572,3299.221939373359,5708.650622075917,-7.48054273543643,0.8600738959685821,1.4773428042571792,1.008728971127911,-2.7601165437901116
1746058801.3852673,1390.6165953336763,3311.966098222112,5730.532327337442,-7.509180001413315,0.7947149169420821,1.363927394600462,1.0147030709756397,-2.7304285361689864
1746058816.7876425,1274.751524493431,3323.701705870307,5750.663951919763,-7.53552932336781,0.7291167185577838,1.250100395665568,1.0202427215400178,-2.700166671105869
1746058832.1900177,1158.498281583604,3334.425230374343,5769.039422174191,-7.5595829489427535,0.6632991261285663,1.1358963386057215,1.025334698119302,-2.6693586387774357
1746058847.592393,1041.8922811277998,3344.1334455972155,5785.65319705551,-7.58133380435407,0.5972820230670275,1.0213498495757898,1.02996636944281,-2.638036871799173
1746058862.9947681,924.9690413841321,3352.823432090846,5800.500269527733,-7.600775493388641,0.5310853492994655,0.9064956424430166,1.0341258322626397,-2.6062385367991867
1746058878.3971434,807.764173908175,3360.4925779544656,5813.57616786473,-7.617902297755024,0.4647290996474789,0.7913685123573027,1.0378020467162772,-2.5740054344123053
1746058893.7995186,690.3133730991717,3367.138579664303,5824.876956855502,-7.63270917891521,0.39823332163391667,0.6760033297102207,1.040984969387586,-2.541383800831597
1746058909.2018938,572.6524057067948,3372.759442861949,5834.39923891585,-7.645191781349481,0.3316181122413227,0.5604350339248484,1.0436656807342317,-2.508424010234054
1746058924.604269,454.81710027815876,3377.3534830823032,5842.140155099344,-7.655346436985299,0.26490361325738865,0.444698626497521,1.0458365034167625,-2.475180160726631
1746058940.0066442,336.84333653076504,3380.919326397475,5848.097385992108,-7.663170170282537,0.19811000499796125,0.32882916279972046,1.0474911080832126,-2.441709592363638
1746058955.4090195,218.76703464648008,3383.4559099513644,5852.26915246977,-7.668660703275044,0.13125749840905324,0.21286174235738783,1.0486246033492792,-2.408072287565984
1746058970.8113947,100.62414449314755,3384.962482361563,5854.654216292882,-7.671816459801165,0.06436632579966678,0.09683149762206773,1.0492336070723214,-2.3743302112833446
1746058986.21377,-17.549365208343275,3385.43860397102,5855.251880519649,-7.672636568265005,-0.002543269298999643,-0.019226418442426025,1.0493162965386857,-2.3405465904930374
1746059001.6161451,-135.7175177455505,3384.8841469410236,5854.061989721804,-7.6711208625514375,-0.06945104247687811,-0.13527684540669152,1.0488724358452521,-2.3067851562547945
1746059017.0185204,-253.8443392756411,3383.299295187963,5851.084929998665,-7.667269881102563,-0.13633675827171204,-0.25128462843567245,1.0479033795220123,-2.2731093706596393
1746059032.4208956,-371.8938696603918,3380.6845441767664,5846.321628793336,-7.661084864532313,-0.20318019886793237,-0.3672146308530165,1.0464120522674816,-2.239581661849561
1746059047.8232708,-489.83017325703776,3377.0407005915727,5839.773554521061,-7.652567752388861,-0.26996117130492087,-0.4830317459494515,1.0444029055017026,-2.2062626927686573
1746059063.225646,-607.6173496568027,3372.3688819073086,5831.442716021527,-7.6417211796928015,-0.33665951315722065,-0.5987009080605941,1.0418818522306899,-2.173210667071666
1746059078.6280212,-725.2195443713579,3366.670515883951,5821.331661844749,-7.628548473685001,-0.403255096962168,-0.7141871031477283,1.0388561824139244,-2.1404807344295285
1746059094.0303965,-842.6009594717435,3359.947339999205,5809.443479375986,-7.613053650896344,-0.46972783387814104,-0.8294553791555039,1.0353344615941147,-2.1081244511308004
1746059109.4327717,-959.7258641835322,3352.201400827301,5795.781793801859,-7.5952414143436995,-0.5360576771073357,-0.944470856278699,1.031326415959049,-2.07618935034438
1746059124.835147,-1076.5586054375246,3343.435053364045,5780.35076691968,-7.575117150500831,-0.6022246255067358,-1.0591987370080942,1.02684280724554,-2.044718610344734
1746059140.2375221,-1193.0636183701617,3333.6509602933156,5763.155095796111,-7.552686925770949,-0.6682087275937705,-1.173604315568648,1.02189530096546,-2.0137508251624237
1746059155.6398973,-1309.205436765641,3322.852091188861,5744.2000112883425,-7.5279574824805495,-0.7339900859217471,-1.287652986254276,1.0164963313459527,-1.9833198751674885
1746059171.0422726,-1424.9487034350457,3311.0417216469773,5723.491276447929,-7.500936234806062,-0.7995488616424038,-1.4013102502926007,1.0106589661522178,-1.953454891639853
1746059186.4446478,-1540.2581805367554,3298.223432348839,5701.035184830498,-7.471631265359493,-0.8648652790491184,-1.5145417212451204,1.0043967742304245,-1.9241803095709604
1746059201.847023,-1655.0987598545435,3284.401108053731,5676.838558730576,-7.440051323229613,-0.9299196300051211,-1.6273131294600527,0.9977236982023244,-1.895515980435284
1746059217.2493982,-1769.4354730604623,3269.5789365244937,5650.90874734901,-7.406205824016413,-0.9946922783483831,-1.7395903265653927,0.9906539342944521,-1.8674773770891442
1746059232.6517735,-1883.233501993956,3253.761407383685,5623.2536248830365,-7.370104851845434,-1.059163664538489,-1.851339291226417,0.9832018208230859,-1.8400758197923797
1746059248.0541487,-1996.4581889832248,3236.953310894146,5593.8815885106815,-7.33175916267013,-1.123314310878214,-1.9625261372589247,0.9753817364073006,-1.8133187551782135
1746059263.456524,-2109.0750472195336,3219.159736653029,5562.8015562278915,-7.291180187601344,-1.1871248275536233,-2.0731171246736544,0.9672080085662778,-1.7872100590279636
1746059278.858899,-2221.0497711733988,3200.386072186237,5530.022964493736,-7.2483800347720155,-1.2505759195028974,-2.1830786734522563,0.958694832987683,-1.7617503552548728
1746059294.2612743,-2332.3482470198073,3180.6380014323577,5495.555765648351,-7.203371488481041,-1.3136483938240633,-2.2923773790561404,0.9498562034393419,-1.7369373418191285
1746059309.6636496,-2442.936563025012,3159.9215031117296,5459.410425088448,-7.1561680050368155,-1.3763231671778422,-2.4009800281120652,0.9407058520396829,-1.7127661156750942
1746059325.0660248,-2552.7810198455068,3138.242848985656,5421.597918210711,-7.106783705648319,-1.4385812725453078,-2.508853612612333,0.9312571994022072,-1.689229493195028
1746059340.4684,-2661.8481407022036,3115.608602020002,5382.129727156336,-7.055233367592811,-1.5004038648222229,-2.6159653413840527,0.9215233140216486,-1.666318303345528
1746059355.8707752,-2770.1046814164624,3092.025614473093,5341.017837403256,-7.0015324154192236,-1.5617722250561548,-2.7222826484155007,0.9115168801687706,-1.6440216937723202
1746059371.2731504,-2877.5176403222786,3067.501025927547,5298.274734251152,-6.945696913917377,-1.6226677635661657,-2.82777319862805,0.9012501735005543,-1.6223273884068345
1746059386.6755257,-2984.0542680915364,3042.0422612787697,5253.913399228456,-6.887743563969073,-1.6830720225829028,-2.932404892522055,0.8907350435664582,-1.6012219388832212
1746059402.077901,-3089.6820775188644,3015.657028681019,5207.947306424799,-6.827689701370986,-1.7429666792642442,-3.0361458715167697,0.8799829023933893,-1.5806909512807987
1746059417.480276,-3194.368853305342,2988.3533174388544,5160.390418725153,-6.765553297609325,-1.8023335498841075,-3.1389645255931287,0.8690047183563809,-1.5607192909316903
1746059432.8826513,-3298.0826618576584,2960.1393958217773,5111.257183902474,-6.7013529607447,-1.8611545956545685,-3.240829504079779,0.8578110145834533,-1.541291265642674
1746059448.2850266,-3400.791861088304,2931.0238087766575,5060.562530520913,-6.635107934333315,-1.9194119301160795,-3.3417097293254514,0.8464118711967573,-1.5223907910312957
1746059463.6874018,-3502.465110173157,2901.015375517899,5008.321863614167,-6.56683809278012,-1.9770878274816133,-3.4415744119287504,0.8348169307532409,-1.5040015214431803
1746059479.089777,-3603.071379205666,2870.1231869880357,4954.551060130013,-6.496563932575731,-2.0341647309316664,-3.540393065507986,0.8230354063125075,-1.486106991731512
1746059494.4921522,-3702.5799586885223,2838.3566031980204,4899.266464164463,-6.424306560197419,-2.0906252597720942,-3.6381355189341353,0.811076091623623,-1.4686907126206301
1746059509.8945274,-3800.9604688252834,2805.7252504715757,4842.484882037015,-6.3500876786314615,-2.146452214636905,-3.734771924573648,0.7989473729837333,-1.4517362651164971
1746059525.2969027,-3898.1828686103217,2772.2390186265325,4784.2235772725435,-6.27392957511023,-2.2016285804830935,-3.830272762226705,0.7866572423776694,-1.435227377821158
1746059540.6992779,-3994.2174647554157,2737.9080581246226,4724.500265550021,-6.195855112515887,-2.2561375278243214,-3.9246088397669463,0.7742133115587123,-1.4191479915134333
1746059556.101653,-4089.034920522876,2702.7427772092597,4663.333109653794,-6.115887725986171,-2.3099624132753784,-4.017751292588638,0.7616228267764724,-1.4034823123620765
1746059571.5040283,-4182.606264548014,2666.753839031192,4600.740714425633,-6.034051424803843,-2.3630867808291023,-4.109671584505393,0.7488926838993031,-1.3882148550607125
1746059586.9064035,-4274.902899722734,2629.9521587398135,4536.742121675662,-5.9503707980739415,-2.415494365241044,-4.20034151254064,0.7360294437167247,-1.3733304800197534
1746059602.3087788,-4365.896612178686,2592.3489004997737,4471.356804978883,-5.864871021445297,-2.4671690984426724,-4.289733217144081,0.7230393472428358,-1.3588144081209816
1746059617.711154,-4455.55958036084,2553.955474383857,4404.6046642705105,-5.777577861582802,-2.518095119149784,-4.37781919800352,0.709928330874936,-1.3446522580571834
1746059633.1135292,-4543.864384132989,2514.783533097157,4336.506020162052,-5.688517675413471,-2.568256784978816,-4.464572334169625,0.6967020412924771,-1.3308300485042104
1746059648.5159044,-4630.78401381842,2474.84496850404,4267.081607929271,-5.597717402279794,-2.617638685656842,-4.549965906065,0.683365850009366,-1.3173342099663032
1746059663.9182796,-4716.2918790624,2434.151907954773,4196.352571165671,-5.505204548749274,-2.6662256555117905,-4.633973616408275,0.6699248675168749,-1.3041515894408113
1746059679.3206549,-4800.361817412423,2392.716710436903,4124.340455140276,-5.411007167530679,-2.7140027834708906,-4.716569607275729,0.656383956974242,-1.291269451501145
1746059694.72303,-4882.968102545756,2350.5519626005866,4051.067199935439,-5.3151538333062565,-2.7609554192742864,-4.797728471384531,0.6427477474192501,-1.2786754763857426
1746059710.1254053,-4964.085452123294,2307.6704747210792,3976.555133460262,-5.217673618977064,-2.807069175416613,-4.877425256975199,0.6290206464817523,-1.2663577556072156
1746059725.5277805,-5043.68903530278,2264.0852766619273,3900.8269644339534,-5.118596075688542,-2.8523299252672722,-4.955635467074174,0.6152068525899974,-1.254304788461325
1746059740.9301558,-5121.754479990157,2219.8096138886403,3823.905775411809,-5.017951219111917,-2.896723798669386,-5.0323350550979775,0.6013103666637121,-1.2425054622149128
1746059756.332531,-5198.257879935608,2174.85694355783,3745.8150158901835,-4.915769523033286,-2.9402371768775013,-5.107500419466046,0.5873350032903785,-1.2309490603089557
1746059771.7349062,-5273.175801784515,2129.240930676434,3666.5784954841142,-4.812081919686012,-2.982856688842889,-5.18110839998972,0.573284401383159,-1.2196252401762735
1746059787.1372814,-5346.485292173286,2082.975444296439,3586.2203771317363,-4.7069198048079555,-3.0245692105563107,-5.253136278317179,0.5591620343212828,-1.2085240249186038
1746059802.5396566,-5418.1638849205465,2036.0745536889976,3504.7651702513035,-4.600315044417066,-3.0653618684834525,-5.323561783770359,0.5449712195769245,-1.1976357914390525
1746059817.9420319,-5488.18960831441,1988.5525244326122,3422.237723765014,-4.492299979964302,-3.1052220472306074,-5.392363104726753,0.5307151278367519,-1.1869512581344233
1746059833.344407,-5556.540992447038,1940.4238143552107,3338.663218910719,-4.382907428890814,-3.1441374006487375,-5.4595189045219685,0.5163967916311494,-1.1764614722936846
1746059848.7467823,-5623.19707650763,1891.7030692891376,3254.067161786415,-4.2721706782848825,-3.182095864589884,-5.525008339803853,0.502019113489269,-1.1661577973287636
1746059864.1491575,-5688.137415922261,1842.405118627381,3168.475375608108,-4.160123472181425,-3.2190856702662507,-5.58881107924409,0.48758487364284836,-1.1560319028797845
1746059879.5515327,-5751.342089258361,1792.5449706785307,3081.913992691435,-4.04679999233659,-3.2550953554453415,-5.650907319753776,0.47309673730274066,-1.1460757402814004
1746059894.953908,-5812.7917047762985,1742.1378078916428,2994.4094462227513,-3.9322348337253596,-3.290113771246329,-5.711277797902143,0.4585572615397023,-1.1362815474825567
1746059910.3562832,-5872.467406608189,1691.1989819949376,2905.9884618897804,-3.8164629803684553,-3.3241300858551788,-5.769903796381572,0.44396890179578724,-1.1266418248033803
1746059925.7586584,-5930.35088057331,1639.7440091113142,2816.6780494554932,-3.6995197830020863,-3.3571337840746978,-5.826767145100677,0.4293340180528004,-1.1171493255878258
1746059941.1610336,-5986.424359684832,1587.7885649034008,2726.5054943474456,-3.581440941686695,-3.389114664194759,-5.881850218397539,0.41465488068100187,-1.1077970441858558
1746059956.5634089,-6040.6706294371925,1535.3484797763153,2635.498349305871,-3.462262494838938,-3.4200628339517984,-5.9351359306220735,0.3999336759866999,-1.098578204223959
1746059971.965784,-6093.073032974427,1482.4397341371741,2543.6844260954767,-3.3420208145842505,-3.449968707511037,-5.98660773271878,0.38517251147285647,-1.0894862471779643
1746059987.3681593,-6143.6154762255865,1429.078453682478,2451.0917872465193,-3.2207526067272747,-3.478823005080597,-6.036249612181429,0.37037342082309854,-1.0805148212527729
1746060002.7705345,-6192.282433057074,1375.280904665022,2357.7487377602256,-3.0984949124297625,-3.5066167560231585,-6.084046097878464,0.35553836861737664,-1.0716577735036605
1746060018.1729097,-6239.058950442171,1321.0634890859797,2263.6838167001574,-2.975285108203305,-3.533341305358478,-6.129982269953817,0.3406692547874019,-1.0629091275923186
1746060033.575285,-6283.930653597687,1266.4427397669567,2168.925788598774,-2.851160901230552,-3.558988322605084,-6.174043773618406,0.3257679188219058,-1.0542630911820474
1746060048.9776602,-6326.883751000187,1211.435315278529,2073.5036346358324,-2.7261603182489886,-3.583549811259738,-6.2162168345383275,0.31083614373515994,-1.0457140342921145
1746060064.3800354,-6367.905039180019,1156.0579947299898,1977.4465435854165,-2.6003216879597235,-3.6070181170427404,-6.256488273023169,0.2958756598160824,-1.0372564826169324
1746060079.7824106,-6406.981907204588,1100.3276724516813,1880.7839025703613,-2.4736836186861235,-3.629385933407699,-6.294845514490393,0.2808881481784811,-1.0288851082057324
1746060095.1847858,-6444.1023407997745,1044.2613526185842,1783.5452876948582,-2.346284974295546,-3.650646303627362,-6.331276594676751,0.26587524413448704,-1.0205947204341925
1746060110.587161,-6479.254926109322,987.8761438667012,1685.7604546387506,-2.218164851822189,-3.670792619782201,-6.365770159518101,0.2508385404123772,-1.0123802572618716
1746060125.9895363,-6512.428853141734,931.1892539413459,1587.4593292865827,-2.0893625636434985,-3.689818619896133,-6.398315461097571,0.23577959023683195,-1.0042367767671632
1746060141.3919115,-6543.613918987959,874.21798439255,1488.6719984339352,-1.9599176256272683,-3.7077183849939868,-6.4289023521241395,0.2206999102848627,-0.9961594518792739
1746060156.7942867,-6572.800530900869,816.9797253049248,1389.428700572173,-1.8298697508107071,-3.724486337827889,-6.457521281714389,0.20560098352542364,-0.9881435506866486
1746060172.196662,-6599.979709307134,759.4919500262986,1289.7598167131525,-1.6992588464710094,-3.7401172444290745,-6.484163294707295,0.1904842619464041,-0.9801844463095536
1746060187.5990372,-6625.143090780115,701.7722098488011,1189.6958611899029,-1.5681250114396514,-3.7546062186712326,-6.5088200355094585,0.17535116917044352,-0.9722775976393495
1746060203.0014124,-6648.282930952725,643.8381286014151,1089.2674723656148,-1.436508530526803,-3.7679487289812275,-6.531483755945572,0.1602031029612988,-0.9644185449328506
1746060218.4037876,-6669.392107307679,585.7073971328983,988.5054032020654,-1.3044498639575044,-3.7801406055483273,-6.552147325271836,0.14504143762510202,-0.9566029026439793
1746060233.8061628,-6688.464121762964,527.3977676921339,887.4405116732203,-1.1719896314385227,-3.7911780461293763,-6.5708042398357955,0.12986752631479206,-0.9488263524130236
1746060249.208538,-6705.493102978773,468.92704824018494,786.103751048127,-1.0391685922987657,-3.8010576189182883,-6.587448630065781,0.11468270324987706,-0.9410846362054461
1746060264.6109133,-6720.473808345505,410.3130967455585,684.5261600960478,-0.9060276244551758,-3.8097762618436266,-6.602075263474297,0.09948828586612936,-0.9333735495918314
1746060280.0132885,-6733.401625658794,351.5738155153263,582.7388532760888,-0.7726077052910623,-3.81733127879075,-6.614679543818504,0.08428557690990819,-0.9256889380946163
1746060295.4156637,-6744.272574530509,292.72714559900174,480.7730109601589,-0.6389498967610934,-3.8237203342443387,-6.625257507962918,0.06907586648941819,-0.9180266789874767
1746060310.818039,-6753.083307608522,233.79106127416588,378.65986970686276,-0.5050953354090785,-3.8289414483791337,-6.633805822825399,0.053860434091075576,-0.9103826925408885
1746060326.2204142,-6759.831111673759,174.78356459171826,276.4307125663869,-0.37108522605574995,-3.832992994496612,-6.640321784741614,0.038640550564606906,-0.9027529240179523
1746060341.6227894,-6764.513908651029,115.72267993456725,174.11685936672407,-0.23696083636760745,-3.8358736999425855,-6.644803322638616,0.02341748007710925,-0.8951333404080841
1746060357.0251646,-6767.130256521193,56.626448534735864,71.74965692151986,-0.10276348892393643,-3.8375826504814983,-6.647249004875069,0.008192482035271502,-0.8875199242732487
1746060372.4275398,-6767.6793500732265,-2.487077096472109,-30.63953088542888,0.03146545198526565,-3.838119296927537,-6.647658048016063,-0.0070331870232653824,-0.8799086676204868
1746060387.829915,-6766.161021403931,-61.59983884522007,-133.01933314809418,0.16568459993398363,-3.8374834620267064,-6.646030324743083,-0.022258271564081063,-0.8722955657834313
1746060403.2322903,-6762.575740072569,-120.69377876574879,-235.3583820821651,0.29985257123252956,-3.835675345428015,-6.642366367971529,-0.03748151520550455,-0.8646766112995062
1746060418.6346655,-6756.924612850105,-179.75084490190073,-337.6253231893409,0.43392801206857295,-3.832695525134054,-6.6366673691646225,-0.05270165886816402,-0.8570477907068452
1746060434.0370407,-6749.209383058889,-238.75299709969417,-439.7888253477088,0.5678696238494858,-3.8285449549075183,-6.628935170534245,-0.06791743890751613,-0.849405066650319
1746060449.439416,-6739.432429560902,-297.68221275281655,-541.817590744217,0.7016361829565353,-3.823224958376897,-6.61917225275669,-0.08312758521285696,-0.8417443892965816
1746060464.8417912,-6727.5967655005215,-356.52049244279976,-643.6803646029663,0.8351865526812898,-3.8167372216081423,-6.607381721349858,-0.09833081926052276,-0.8340616783719784
1746060480.2441664,-6713.70603692438,-415.24986546715274,-745.3459447172653,0.9684796874786409,-3.809083786350312,-6.593567295415897,-0.11352585211499672,-0.826352819817852
1746060495.6465416,-6697.764521379957,-473.85239528142586,-846.7831908470753,1.101474632073234,-3.8002670458724284,-6.577733301817134,-0.12871138237785545,-0.8186136594434802
1746060511.0489168,-6679.777126541301,-532.3101849042777,-947.961034078953,1.234130519594302,-3.790289744388882,-6.559884676188598,-0.14388609408888015,-0.8108399964907315
1746060526.451292,-6659.749388841774,-590.6053823405632,-1048.848486250705,1.366406573225051,-3.779154979829008,-6.54002697001846,-0.15904865458475248,-0.8030275770892795
1746060541.8536673,-6637.687472031615,-648.7201860645526,-1149.4146495152165,1.498262114708083,-3.766866208572029,-6.518166361055673,-0.1741977123180451,-0.7951720905158416
1746060557.2560425,-6613.598165542952,-706.6368505783573,-1249.6287260656982,1.6296565808103107,-3.7534272501227446,-6.494309663190283,-0.1893318946333809,-0.7872691506365168
1746060572.6584177,-6587.488882547932,-764.337692028974,-1349.4600279845372,1.7605495462545415,-3.738842289763805,-6.468464332081457,-0.2044498054903549,-0.7793143065252821
1746060588.060793,-6559.367657635903,-821.8050938420729,-1448.8779871295494,1.8909007495381567,-3.7231158779636018,-6.440638464152347,-0.21955002311622632,-0.7713030235706082
1746060603.4631681,-6529.243144099361,-879.0215123204732,-1547.852164950542,2.020670117184151,-3.7062529264762483,-6.4108407886963965,-0.23463109756746756,-0.7632306790690819
1746060618.8655434,-6497.124610883927,-935.9694821635271,-1646.3522621425163,2.1498177826061893,-3.6882587022364635,-6.379080655042016,-0.24969154817913045,-0.7550925546930892
1746060634.2679186,-6463.021939302925,-992.631621887212,-1744.348128084973,2.27830409770462,-3.669138820911882,-6.34536801826643,-0.2647298608845962,-0.7468838287566373
1746060649.6702938,-6426.945619626544,-1048.990639155004,-1841.8097700750602,2.4060896378891217,-3.648899242056675,-6.309713427313916,-0.2797444853943756,-0.7385995682651606
1746060665.072669,-6388.9067476259215,-1105.0293360554792,-1938.7073624160093,2.5331352035648362,-3.6275462671738654,-6.272128018433968,-0.294733832229152,-0.7302347207327561
1746060680.4750443,-6348.917021093995,-1160.7306143743986,-2035.0112554532536,2.6594018224168656,-3.605086540858031,-6.232623514921918,-0.30969626960702357,-0.7217841086819766
1746060695.8774195,-6306.988736297735,-1216.0774809019554,-2130.691984648162,2.7848507566251057,-3.581527053947963,-6.191212231869224,-0.32463012018619475,-0.7132424092043715
1746060711.2797947,-6263.134784263867,-1271.0530527916999,-2225.7202797441605,2.9094435174877855,-3.556875146710882,-6.147907082780445,-0.33953365766164045,-0.7046041625725085
1746060726.68217,-6217.36864678104,-1325.6405629543415,-2320.067074023833,3.0331418873723757,-3.5311385098386303,-6.102721584115362,-0.3544051032081575,-0.6958637512150866
1746060742.0845451,-6169.704392023315,-1379.8233654385895,-2413.703513597237,3.1559079463029365,-3.504325181568767,-6.055669854344805,-0.36924262175445355,-0.6870153930545613
1746060757.4869204,-6120.156669756513,-1433.584940733473,-2506.6009666209607,3.277704098715244,-3.4764435403938654,-6.006766605796682,-0.38404431806575684,-0.6780531316033851
1746060772.8892956,-6068.740706162477,-1486.90890092904,-2598.7310323381985,3.39849309557455,-3.447502294218037,-5.956027129857914,-0.3988082326078938,-0.6689708257540881
1746060788.2916708,-6015.472298382625,-1539.7789946952275,-2690.065549855955,3.5182380482867974,-3.41751046799996,-5.903467278230655,-0.4135323371650763,-0.6597621392673917
1746060803.694046,-5960.367808919637,-1592.179112075417,-2780.576606628345,3.636902433254315,-3.386477392485624,-5.849103444213975,-0.42821453018680733,-0.6504205299627386
1746060819.0964212,-5903.444160032005,-1644.0932891304406,-2870.2365466777806,3.754450088749351,-3.3544126963853924,-5.792952547978552,-0.44285263184513435,-0.64093924154793
1746060834.4987965,-5844.718828211322,-1695.5057124982081,-2959.0179786386443,3.870845208094165,-3.3213263033540996,-5.735032028529507,-0.45744437879000877,-0.6313112804886271
1746060849.9011717,-5784.209838760678,-1746.4007239443074,-3046.8937837338844,3.9860523342030127,-3.287228433701277,-5.675359842933613,-0.4719874185955623,-0.6215294219290781
1746060865.303547,-5721.935760416498,-1796.7628249666075,-3133.837123786074,4.1000363600348155,-3.2521296093465892,-5.613954471115507,-0.4864793038920344,-0.6115861859957872
1746060880.7059221,-5657.915699899222,-1846.5766814858698,-3219.821449324143,4.2127625376082,-3.2160406595845377,-5.550834922832291,-0.5009174861762531,-0.6014738285092376
1746060896.1082973,-5592.169296257486,-1895.8271286142738,-3304.820507788623,4.324196495573539,-3.1789727250258504,-5.486020742843956,-0.5152993092884749,-0.5911843285287962
1746060911.5106726,-5524.716714890866,-1944.499175456912,-3388.8083517804494,4.434304262773824,-3.140937257685107,-5.419532010963848,-0.5296220025365934,-0.5807093757080778
1746060926.9130478,-5455.578641190236,-1992.5780098786656,-3471.759347259222,4.5430522935593025,-3.1019460163741344,-5.351389335341729,-0.5438826734422177,-0.5700403575206379
1746060942.315423,-5384.776273804202,-2040.0490031666507,-3553.648181587475,4.650407490329605,-3.062011057949371,-5.281613839433055,-0.5580783000788081,-0.5591683464319821
1746060957.7177982,-5312.331317602748,-2086.8977145362765,-3634.4498713394737,4.756337219890792,-3.0211447261076825,-5.210227144952713,-0.572205722971119,-0.5480840900461857
1746060973.1201735,-5238.265976446632,-2133.1098954602608,-3714.139769837588,4.8608093223036954,-2.97935963998616,-5.137251354126642,-0.5862616365278357,-0.5367779867332626
1746060988.5225487,-5162.602945873117,-2178.6714938343484,-3792.693574431069,4.963792113247396,-2.9366686846564654,-5.062709034461619,-0.6002425799846872,-0.5252400908729709
1746061003.924924,-5085.365405777641,-2223.568658020227,-3870.087333574222,5.0652543827676535,-2.8930850048104975,-4.986623208147855,-0.6141449278419921,-0.5134600891853396
1746061019.327299,-5006.5770131191,-2267.787740817599,-3946.2974537808727,5.165165394067208,-2.8486220018076773,-4.9090173465113995,-0.627964879786953,-0.5014272923259739
1746061034.7296743,-4926.261894622129,-2311.3153034114175,-4021.3007065249594,5.2634948855469625,-2.8032933331776335,-4.829915368233532,-0.641698450095813,-0.48913062434257437
1746061050.1320496,-4844.444639410381,-2354.1381193203624,-4095.074235127519,5.36021307786185,-2.757112912987171,-4.749341638907914,-0.6553414565138396,-0.47655861316160486
1746061065.5344248,-4761.150291492164,-2396.2431783465922,-4167.595561629706,5.455290685858461,-2.7100949113791954,-4.667320969252975,-0.6688895086124862,-0.46369938238195857
1746061080.9368,-4676.404342035463,-2437.6176905036514,-4238.842593614217,5.548698933577301,-2.6622537520561993,-4.58387860995854,-0.6823379956242751,-0.45054064470329946
1746061096.3391752,-4590.232721405707,-2478.2490898866513,-4308.793630915796,5.64040956957314,-2.6136041073107044,-4.499040242438404,-0.6956820737585383,-0.43706970030427506
1746061111.7415504,-4502.661790982688,-2518.1250384496316,-4377.427372161543,5.7303948798891655,-2.564160891088293,-4.4128319662064905,-0.7089166530066697,-0.4232734230103713
1746061127.1439257,-4413.718334807356,-2557.2334296678646,-4444.722921102006,5.818627697011412,-2.513939251200971,-4.32528028469467,-0.7220363834549576,-0.40913827876774206
1746061142.546301,-4323.429551123785,-2595.562392082106,-4510.659792726144,5.9050814046288655,-2.4629545619892865,-4.236412091731052,-0.7350356411366332,-0.39465031832319686
1746061157.948676,-4231.8230438726505,-2633.1002927400596,-4575.217919185365,5.989729939481527,-2.411222418434614,-4.146254660505223,-0.7479085134721325,-0.37979518877056073
1746061173.3510513,-4138.926814164823,-2669.835740561141,-4638.377655572825,6.072547792496162,-2.358758632085654,-4.05483563583909,-0.7606487843668613,-0.3645581470923701
1746061188.7534266,-4044.7692517279484,-2705.757589650556,-4700.119785607131,6.153510011502616,-2.305579228433726,-3.962183029335817,-0.7732499190581915,-0.34892407944757
1746061204.1558018,-3949.379126288186,-2740.8549425784263,-4760.425527254539,6.232592207105271,-2.2517004448178963,-3.868325215933405,-0.7857050488275579,-0.3328775271150121
1746061219.558177,-3852.7855788341894,-2775.117153623557,-4819.276538296245,6.309770562044531,-2.19713872774931,-3.773290929889331,-0.7980069557194167,-0.31640272009682646
1746061234.9605522,-3755.018112715549,-2808.5338319655293,-4876.6549218176315,6.385021843071326,-2.1419107287675336,-3.6771092584158698,-0.8101480574373009,-0.29948362241952214
1746061250.3629274,-3656.106584550911,-2841.0948447990154,-4932.543231574385,6.458323413424077,-2.0860332984810657,-3.5798096319795554,-0.8221203926193585,-0.2821039727315968
1746061265.7653027,-3556.081194953331,-2872.7903203438814,-4986.924477183557,6.529653243741721,-2.0295234790964227,-3.481421811387398,-0.8339156067328904,-0.264247365498568
1746061281.1676779,-3454.9724791109697,-2903.610650733685,-5039.782129097952,6.598989919725583,-1.9723984962676637,-3.3819758728303597,-0.8455249388705204,-0.24589731549124502
1746061296.570053,-3352.8112972798563,-2933.5464947801856,-5091.100123345919,6.66631264588903,-1.9146757513210897,-3.2815021927059123,-0.8569392097800748,-0.22703735100738562
1746061311.9724283,-3249.628825246191,-2962.588780627014,-5140.862866047977,6.731601245950372,-1.8563728147566159,-3.1800314341024007,-0.8681488115157519,-0.2076511196867025
1746061327.3748035,-3145.456544798882,-2990.728708316243,-5189.05523774729,6.794836161431852,-1.7975074214595907,-3.077594536302068,-0.8791436991585133,-0.1877225113083308
1746061342.7771788,-3040.3262342243584,-3017.957752293624,-5235.662597605159,6.855998450517329,-1.738097467442891,-2.9742227077318057,-0.8899133851170963,-0.16723579896839166
1746061358.179554,-2934.2699588044593,-3044.2676638709936,-5280.670787511215,6.915069789064272,-1.6781610073866249,-2.869947421757065,-0.9004469365853729,-0.1461757999140045
1746061373.5819292,-2827.3200612739984,-3069.650473650322,-5324.066136141883,6.972032474941859,-1.6177162519350528,-2.764800413883721,-0.9107329767943824,-0.12452806004657027
1746061388.9843044,-2719.5091521843765,-3094.098493897607,-5365.835462974879,7.026869435821763,-1.5567815637410742,-2.658813678533175,-0.9207596907554992,-0.10227904527826993
1746061404.3866796,-2610.8701001259083,-3117.6043208416604,-5405.966082239447,7.079564239504897,-1.4953754516006326,-2.552019463675916,-0.9305148362417183,-0.07941638413387041
1746061419.7890549,-2501.4360217819385,-3140.1608368667803,-5444.445806759641,7.130101105122566,-1.433516562573114,-2.4444502621849735,-0.9399857607934919,-0.05592910277767332
1746061435.19143,-2391.240271816072,-3161.761212571288,-5481.2629516367315,7.178464913291626,-1.3712236725659408,-2.336138799621473,-0.9491594255597333,-0.0318078956581598
1746061450.5938053,-2280.31643262205,-3182.398908674903,-5516.406337719338,7.224641213565649,-1.3085156762981247,-2.2271180190527224,-0.958022436788504,-0.0070454125290734205
1746061465.9961805,-2168.698303986531,-3202.0676777737485,-5549.865294824915,7.2686162281994875,-1.2454115777306771,-2.117421064204974,-0.9665610857596897,0.01836343783810042
1746061481.3985558,-2056.419892723491,-3220.7615659579333,-5581.6296646994915,7.310376852129967,-1.1819304819282543,-2.0070812626114005,-0.9747613978968984,0.044421171002092474
1746061496.800931,-1943.5154023336477,-3238.4749143189442,-5611.689803728407,7.349910649935158,-1.118091588949506,-1.8961321103723934,-0.9826091917007979,0.07112740227762779
1746061512.2033062,-1830.0192227252974,-3255.2023603795465,-5640.036585432855,7.387205851168343,-1.0539141898686122,-1.784607259737259,-0.9900901480040871,0.09847851768838078
1746061527.6056814,-1715.9659200087963,-3270.9388394766324,-5666.6614028009035,7.422251345744035,-0.9894176645445643,-1.6725405100577646,-0.9971898898532154,0.1264673658469457
1746061543.0080566,-1601.390226351401,-3285.679586118556,-5691.556170504323,7.4550366809478295,-0.9246214803962032,-1.5599658019102691,-1.0038940730695716,0.15508293593446293
1746061558.4104319,-1486.3270298580167,-3299.4201353255826,-5714.71332704394,7.485552061200807,-0.8595451912814019,-1.446917213499219,-1.0101884872320108,0.18431009090390998
1746061573.812807,-1370.8113644308933,-3312.1563239483057,-5736.125836848633,7.513788351044112,-0.7942084356305488,-1.3334289579801597,-1.0160591664561638,0.2141293233778809
1746061589.2151823,-1254.8783995598642,-3323.884291947373,-5755.787192330307,7.5397370810670745,-0.7286309332102576,-1.2195353801718578,-1.0214925089319336,0.24451656399458815
1746061604.6175575,-1138.5634300043066,-3334.6004836106968,-5773.691415874569,7.563390455836179,-0.6628324802228086,-1.1052709512979537,-1.0264754037327433,0.27544305160519417
1746061620.0199327,-1021.9018653463659,-3344.301648682529,-5789.833061729157,7.584741362426413,-0.5968329428005897,-0.9906702608753872,-1.0309953629480202,0.30687527723222235
1746061635.422308,-904.9292194181053,-3352.9848433821703,-5804.20721774369,7.60378337800901,-0.530652249261668,-0.8757680055484757,-1.0350406567395434,0.3387750096266496
1746061650.8246832,-787.6810996279684,-3360.6474312974533,-5816.809506916908,7.620510775147677,-0.4643103817012832,-0.7605989754024928,-1.0386004485121283,0.37109942889153674
1746061666.2270584,-670.1931962291037,-3367.287084147825,-5827.636088720749,7.634918523968412,-0.3978273675767304,-0.6451980389043261,-1.0416649270519889,0.4038013303396831
1746061681.6294336,-552.5012715795724,-3372.9017824217512,-5836.683660191356,7.647002291090439,-0.3312232718945615,-0.5296001279511354,-1.044225432254016,0.43682946003654427
1746061697.0318089,-434.64114944021196,-3377.489815901425,-5843.949456800028,7.65675843597425,-0.26451819044437486,-0.4138402244636687,-1.046274570961019,0.470128936811668
1746061712.434184,-316.6487043407146,-3381.049784092755,-5849.431253136474,7.66418400596661,-0.19773224427547964,-0.29795334953295216,-1.0478063194961076,0.5036417727782376
1746061727.8365593,-198.55985102189456,-3383.5805965794734,-5853.127363446972,7.669276731632174,-0.13088557532921286,-0.18197455541856797,-1.0488161096966568,0.5373074794119821
1746061743.2389345,-80.41053393787195,-3385.0814733167763,-5855.036642068497,7.672035023858264,-0.06399834287795901,-0.0659389198907026,-1.0493008956556347,0.5710637449329948
1746061758.6413097,37.76328321755417,-3385.5519448729874,-5855.1584837864775,7.672457973712603,0.0029092797604072956,0.05011845826516838,-1.0492591989310538,0.6048471650287301
1746061774.043685,155.92562800535416,-3384.9918526189317,-5853.492824122541,7.670545355249418,0.0698171088220258,0.1661624641033132,-1.0486911306712852,0.6385940031545899
1746061789.4460602,274.0405297979575,-3383.401348856112,-5850.040139535342,7.666297630612215,0.13670495451507256,0.2821579731536323,-1.0475983898853998,0.6722409753954561
1746061804.8484354,392.0720304240659,-3380.780896868462,-5844.801447499239,7.6597159561170045,0.20355262654968856,0.39806986073753636,-1.0459842379173432,0.7057259927069776
1746061820.2508106,509.98419490443797,-3377.1312708801356,-5837.778306417558,7.650802187716237,0.27033994078779106,0.5138630140756275,-1.0438534500094452,0.7389888967735846
1746061835.6531858,627.7411222576835,-3372.4535559038463,-5828.972815331931,7.639558884429029,0.33704672673643365,0.6295023464873953,-1.04121224561354,0.771972124988611
1746061851.055561,745.3069563374694,-3366.749147470316,-5818.387613404787,7.625989308918159,0.4036528354038525,0.7449528124039225,-1.0380681997806045,0.804621304683683
1746061866.4579363,862.6458966560675,-3360.019751237463,-5806.025879173717,7.610097425208532,0.4701381469694492,0.8601794217505677,-1.0344301384953263,0.8368857600057558
1746061881.8603115,979.722209155251,-3352.2673824859744,-5791.891329596851,7.59188789431071,0.5364825778037845,0.975147252555195,-1.0303080211956934,0.868718922075636
1746061897.2626867,1096.5002369014776,-3343.49436551358,-5775.988218921369,7.571366068990535,0.6026660865808451,1.0898214612905148,-1.0257128139187726,0.9000786375300813
1746061912.665062,1212.9444107022982,-3333.7033329423325,-5758.32133740879,7.548537988961789,0.668668679482841,1.2041672912363777,-1.0206563565454152,0.9309273719377166
1746061928.0674372,1329.0192596580166,-3322.8972249513695,-5738.89600994114,7.523410377381329,0.7344704147234713,1.3181500797755539,-1.0151512274940548,0.961232329027909
1746061943.4698124,1444.6894216712017,-3311.0792884430343,-5717.718094515395,7.495990638854928,0.8000514067393844,1.431735265793893,-1.0092106089617214,0.9909654483631665
1746061958.8721876,1559.9196539343932,-3298.2530761447665,-5694.79398061665,7.466286858454913,0.8653918303760165,1.5448883981470063,-1.0028481554595263,1.0201033493364577
1746061974.2745628,1674.6748434004148,-3284.4224456483894,-5670.130587451143,7.434307800303022,0.9304719248746077,1.6575751454020042,-0.9960778679728793,1.048627188474194
1746061989.676938,1788.920017242414,-3269.591558372502,-5643.735362014022,7.400062907635463,0.995271999957187,1.7697613074793035,-0.988913975625622,1.0765224596607919
1746062005.0793133,1902.6203532817879,-3253.764878447491,-5615.616276982888,7.36356229812709,1.0597724394488255,1.8814128263033822,-0.9813708262694905,1.1037787466818827
1746062020.4816885,2015.7411903459335,-3236.9471715348623,-5585.781828449637,7.32481676002842,1.1239537065467462,1.9924957961252268,-0.9734627869804666,1.1303894401474792
1746062035.8840637,2128.248038561593,-3219.1435035659533,-5554.241033507555,7.283837747577929,1.1877963488045835,2.1029764717993786,-0.9652041550380758,1.1563514301390398
1746062051.286439,2240.106589581167,-3200.3592394045686,-5521.003427728154,7.240637377155045,1.2512810030986887,2.2128212748774194,-0.9566090796046233,1.1816647819131068
1746062066.6888142,2351.2827267635835,-3180.6000414314094,-5486.079062557117,7.19522842538018,1.3143884008651403,2.3219967981991476,-0.9476914940163267,1.2063324212522
1746062082.0911894,2461.7425353449835,-3159.8718680437346,-5449.478502642442,7.147624329714184,1.3770993739226427,2.4304698103835096,-0.9384650583498672,1.2303597930520533
1746062097.4935646,2571.452312636259,-3138.1809720590404,-5411.212823083089,7.097839191206744,1.439394861145005,2.5382072619415683,-0.9289431117357384,1.2537545580113316
1746062112.8959398,2680.3785782718383,-3115.5338990088358,-5371.293606561234,7.045887778126997,1.5012559160472894,2.6451762944690147,-0.9191386337508993,1.2765262882490402
1746062128.298315,2788.48808450943,-3091.937485309813,-5329.732940304354,6.991785528620035,1.5626637150544955,2.751344253569688,-0.9090642141326637,1.298686183031271
1746062143.7006903,2895.7478265509144,-3067.3988563056105,-5286.543412821725,6.935548550515979,1.6235995659307387,2.856678705052773,-0.8987320300070122,1.3202468041339277
1746062159.1030655,3002.1250528296687,-3041.9254241819217,-5241.738110375381,6.87719361703461,1.6840449156761004,2.961147452893858,-0.8881538298103215,1.3412218323388763
1746062174.5054407,3107.587275198223,-3015.5248857684255,-5195.33061317447,6.816738158212893,1.7439813572305807,3.064718556812019,-0.8773409230962053,1.3616258457546055
1746062189.907816,3212.102278956939,-2988.2052202494942,-5147.334991315862,6.7542002491014355,1.8033906345794581,3.167360347324111,-0.8663041754514477,1.3814741170709128
1746062205.3101912,3315.638132688423,-2959.9746868088105,-5097.765800522334,6.689598596728603,1.8622546462699567,3.269041436815168,-0.8550540077904295,1.4007824468875762
1746062220.7125664,3418.1631978968853,-2930.8418222293535,-5046.638077743802,6.622952528192988,1.9205554478013815,3.369730726310006,-0.8436003993506913,1.419566988267565
1746062236.1149416,3519.64613848611,-2900.8154384602353,-4993.967336682051,6.554281981879854,1.978275253689196,3.4693974088824686,-0.8319528937695728,1.4378441200812873
1746062251.5173168,3620.0559301334597,-2869.904620148395,-4939.769563277096,6.48360750281004,2.0353964401106803,3.5680109715971144,-0.8201206076806573,1.4556303238429016
1746062266.919692,3719.3618696230815,-2838.1187221201194,-4884.061211160418,6.4109502418341,2.0919015488680546,3.6655411982366255,-0.8081122413275553,1.4729420802441149
1746062282.3220673,3817.5335841874444,-2805.46736678892,-4826.859197047422,6.336331957199285,2.1477732930020856,3.761958174720201,-0.7959360907505446,1.4897957810054272
1746062297.7244425,3914.5410408775556,-2771.960441465021,-4768.180896018685,6.2597750163219805,2.2029945638853974,3.857232298191654,-0.7836000611580314,1.5062076545925527
1746062313.1268177,4010.3545559479035,-2737.6080955479015,-4708.044136633575,6.18130239560811,2.25754843918523,3.951334289564672,-0.7711116811489973,1.5221937043777962
1746062328.529193,4104.944804213517,-2702.4207375948345,-4646.4671958316585,6.100937676852355,2.3114181908589053,4.044235208252839,-0.7584781175035626,1.5377696549486963
1746062343.9315681,4198.2828283221725,-2666.4090322711663,-4583.4687936022365,6.018705039862061,2.3645872924053197,4.1359064672219015,-0.7457061903054832,1.5529509228801632
1746062359.3339434,4290.340047888389,-2629.5838971978415,-4519.068087431489,5.934629252103769,2.4170394249174207,4.226319846552975,-0.7328023882018796,1.5677525667662122
1746062374.7363186,4381.088268455014,-2591.956499715188,-4453.284666560277,5.848735656971758,2.468758481943385,4.315447504343746,-0.7197728836411512,1.5821892740901262
1746062390.1386938,4470.499690275179,-2553.538253578383,-4386.138546096472,5.761050162474787,2.519728573600197,4.403261984753376,-0.706623547959945,1.596275339928204
1746062405.541069,4558.546916932414,-2514.3408155909215,-4317.650161020919,5.671599231695925,2.569934030631615,4.489736223960262,-0.6933599662146513,1.6100246541941217
1746062420.9434443,4645.20296383114,-2474.3760821716314,-4247.840360109037,5.580409875493582,2.61935940907159,4.574843555416657,-0.6799874516733823,1.6234506936870277
1746062436.3458195,4730.441266589208,-2433.6561858425925,-4176.730399767354,5.487509646919771,2.6679894958768196,4.658557715856809,-0.6665110599017144,1.636566518230059
1746062451.7481947,4814.235689349924,-2392.1934916231135,-4104.3419377648825,5.39292663610343,2.7158093154378085,4.740852853046531,-0.652935602390901,1.649384770265439
1746062467.15057,4896.560533009369,-2350.0005933198245,-4030.6970268300197,5.296689464139195,2.7628041364392426,4.821703535449862,-0.6392656596912856,1.6619176744113295
1746062482.5529451,4977.39054333453,-2307.090309713399,-3955.818108087646,5.198827274897657,2.808959478285906,4.9010847631417755,-0.6255055940265459,1.6741770540893304
1746062497.9553204,5056.70091893687,-2263.475680654601,-3879.7280043263104,5.099369724475411,2.854261116344482,4.978971978728159,-0.6116595613759004,1.686174320780232
1746062513.3576956,5134.467319068807,-2219.169963091764,-3802.449913105841,4.99834696892758,2.898695085572637,5.055341076945111,-0.5977315230210447,1.697920494207828
1746062528.7600708,5210.665871226348,-2174.1866270546684,-3724.007399733576,4.895789651620561,2.942247682608909,5.130168412025649,-0.5837252565619754,1.7094262091169434
1746062544.162446,5285.273178564007,-2128.5393516146373,-3644.424390145827,4.791728891751008,2.9849054669027266,5.2034308026842,-0.5696443664107776,1.720701725970899
1746062559.5648212,5358.2663271499605,-2082.2420208288936,-3563.7251637270124,4.686196275221124,3.026655261791855,5.275105535401589,-0.5554922937752348,1.7317569423995622
1746062574.9671965,5429.62289310191,-2035.3087196626038,-3481.934346083228,4.579223848259844,3.0674841564626614,5.345170367301526,-0.5412723261452743,1.7426014052007854
1746062590.3695717,5499.320949642793,-1987.7537298694847,-3399.076901765158,4.470844113222951,3.1073795094409604,5.413603530083796,-0.5269876062956579,1.7532443227296768
1746062605.771947,5567.339074100255,-1939.5915258055845,-3315.178126914497,4.361090025220616,3.1463289537540655,5.480383736166942,-0.512641140818711,1.7636945746036183
1746062621.1743221,5633.6563548496815,-1890.8367701530067,-3230.2636417952162,4.249994987877808,3.1843204033533703,5.545490187508693,-0.49823580820182667,1.7739607362074958
1746062636.5766973,5698.252398175316,-1841.5043095400845,-3144.3593831701146,4.1375928467354335,3.2213420599820277,5.608902586749629,-0.483774366466121,1.7840510738928912
1746062651.9790726,5761.107335005748,-1791.6091700584018,-3057.4915964942193,4.023917879469052,3.25738241955323,5.670601149636987,-0.46925946038477245,1.7939735694624974
1746062667.3814478,5822.201827474104,-1741.1665526902914,-2969.6868279158475,3.9090047829947108,3.2924302773064262,5.730566617338276,-0.4546936283017726,1.8037359298614593
1746062682.783823,5881.517075260951,-1690.191828668512,-2880.971916097477,3.79288865835071,3.3264747314535774,5.788780267334838,-0.44007930857349353,1.8133455996206667
1746062698.1861982,5939.034821695927,-1638.700534790194,-2791.3739838856854,3.6756049947329923,3.359505185551439,5.845223922033889,-0.4254188456562305,1.8228097730728223
1746062713.5885735,5994.737359616154,-1586.708368700056,-2700.920429867865,3.5571896540905046,3.391511350249607,5.899879954878213,-0.410714495862536,1.8321354063079847
1746062728.9909487,6048.6075369985965,-1534.2311841462931,-2609.6389198518627,3.4376788572971377,3.422483245223744,5.95273129435369,-0.39596843280784894,1.84132922884587
1746062744.393324,6100.628762394459,-1481.284986200778,-2517.5573782949914,3.317109172280464,3.452411201960366,6.003761426711217,-0.3811827525670077,1.8503977520772543
1746062759.7956991,6150.785010194458,-1427.8859264276903,-2424.7039796949753,3.195517503843206,3.4812858676769682,6.052954398339004,-0.3663594785581728,1.8593472920700649
1746062775.1980743,6199.060825746,-1374.0502979839302,-2331.1071399418533,3.072941084472189,3.5090982101916404,6.100294818563793,-0.3515005661698632,1.8681839627296333
1746062790.6004496,6245.441330330977,-1319.7945306406855,-2236.795507620348,2.9494174652992844,3.535839523177115,6.145767863324327,-0.3366079071455087,1.8769136979891028
1746062806.0028248,6289.912226001019,-1265.135185725695,-2141.7979552482584,2.8249845065426267,3.561501431087821,6.189359279789194,-0.3216833337391392,1.8855422590232833
1746062821.4052,6332.4598002591165,-1210.0889509960427,-2046.1435704377209,2.699680367091136,3.5860758931829633,6.2310553917005,-0.30672862265551604,1.8940752440908868
1746062836.8075752,6373.070930574056,-1154.6726354576385,-1949.8616469708986,2.573543493236144,3.609555206425003,6.270843105076585,-0.29174549878792494,1.902518098074749
1746062852.2099504,6411.733088716075,-1098.9031641476297,-1852.9816757875606,2.4466126067685727,3.631932007463081,6.308709913889794,-0.2767356387668474,1.9108761217255275
1746062867.6123257,6448.434344905984,-1042.7975728899598,-1755.5333358875075,2.318926692696836,3.6531992742432764,6.344643905400087,-0.26170067433268773,1.9191544776840077
1746062883.014701,6483.163371773286,-986.3730030248456,-1657.5464851550598,2.190524986745081,3.6733503278848176,6.3786337649083595,-0.2466421955456273,1.9273582108952738
1746062898.417076,6515.90944812037,-929.6466961041435,-1559.0511511159182,2.061446962671192,3.692378835281491,6.410668779761789,-0.23156175384549824,1.9354922394219007
1746062913.8194513,6546.662462489965,-872.6359885403173,-1460.0775216388033,1.9317323194068021,3.710278812499005,6.440738842507982,-0.21646086497428096,1.9435613743471911
1746062929.2218266,6575.412916533674,-815.3583061990868,-1360.6559355951963,1.8014209681216071,3.72704462859563,6.468834453192345,-0.2013410117733726,1.951570324776466
1746062944.6242018,6602.151928182498,-757.8311589342801,-1260.8168734893736,1.6705530195110845,3.7426710091784807,6.494946720963864,-0.18620364686698204,1.9595237055538082
1746062960.026577,6626.871234626241,-700.0721350747544,-1160.59094806659,1.5391687717841598,3.7571530389615733,6.519067365397411,-0.17105019524179774,1.9674260447736753
1746062975.4289522,6649.563195116555,-642.0988958829091,-1060.0088948989437,1.40730869983972,3.770486162854495,6.541188718198779,-0.1558820567314197,1.9752817910991483
1746062990.8313274,6670.220793614215,-583.9291700079592,-959.1015629367382,1.2750134458715203,3.782666185605435,6.561303726122502,-0.14070060841211654,1.9830953208990583
1746063006.2337027,6688.837641301386,-525.5807479524666,-857.8999050003976,1.1423238111336442,3.793689270573411,6.5794059558847575,-0.12550720691462514,1.9908709422810669
1746063021.636078,6705.407978970613,-467.07147655837423,-756.4349681781468,1.0092807479677268,3.803551938604278,6.595489601517422,-0.11030319065543912,1.9986129136390058
1746063037.038453,6719.926679284095,-408.4192535026683,-654.7378840921943,0.8759253506651904,3.8122510680670865,6.609549494001022,-0.09508988199079617,2.006325432721189
1746063052.4408283,6732.389248872828,-349.6420217783473,-552.8398590043735,0.7422988435524713,3.819783896808805,6.621581112263243,-0.07986858929765804,2.014012654915241
1746063067.8432035,6742.79183022213,-290.7577641290574,-450.7721637517499,0.6084425650083829,3.8261480261812686,6.631580593950284,-0.06464060898831966,2.021678696760266
1746063083.2455788,6751.131203276004,-231.78449740896463,-348.5661235305954,0.47439794695077414,3.831341426569382,6.639544744012837,-0.04940722746842562,2.0293276423083606
1746063098.647954,6757.404786694309,-172.74026685318475,-246.25310757699546,0.34020649048455326,3.83536244324589,6.6454710392774,-0.034169723051357334,2.0369635494188243
1746063114.0503292,6761.610638716507,-113.64314026481665,-143.86451881602838,0.20590973955748146,3.8382098011045067,6.649357627844048,-0.018929367844247515,2.044590456000665
1746063129.4527044,6763.747457620952,-54.511202146197405,-41.43178356131706,0.07154925525768303,3.839882606994201,6.651203323239371,-0.0036874296215324578,2.052212386214724
1746063144.8550797,6763.814581811176,4.637452182336354,61.013658661667066,-0.06283340648821813,3.840380348955248,6.651007594484805,0.011554826299464,2.0598333537124858